Ticker,w_MV_allow,w_CVaR_allow,w_MV_long,w_CVaR_long
MMM,-0.019903883964386016,0.0064064142957252785,8.379691842954043e-20,0.0
AOS,-0.027776410003525636,0.01790353995898266,9.399507882478753e-20,0.0
ABT,-0.024077189357163572,0.006782891317942212,2.7859345928694304e-19,0.0
ABBV,-0.011064886917406086,0.026300050904409133,7.594844729087066e-19,0.0
ACN,-0.0015041481908731821,0.02139191984699223,2.880586202098334e-19,0.0
ADBE,-0.014420798624177566,-0.03624365231855847,0.0,0.0
AMD,-0.0034987487326050776,0.017086773065972925,7.962315219570474e-20,0.0
AES,0.024901411917613598,0.017919317639134163,2.81952650019747e-19,0.0
AFL,0.006832652891697371,0.1265040131510038,8.393653880753409e-19,0.0
A,0.012950329648364383,0.03474642262150518,3.164479071659607e-19,0.0
APD,-0.035762604365659416,-0.0654092044743806,0.0,0.0
ABNB,-0.011187858025550812,-0.005398447539432654,5.667846512229781e-19,0.0
AKAM,0.02408058655214048,0.027770940001284737,0.0,0.0
ALB,-0.0038677007191614894,-0.01623374850675146,8.168223498275891e-20,0.0
ARE,-0.034686819598608955,-0.041419561077645446,2.249806346651543e-19,0.0
ALGN,-0.02013524066692125,-0.004329786571177808,3.3808507433489057e-19,0.0
ALLE,0.025486763260422065,0.01674083808182575,1.5750424952868452e-20,0.0
LNT,0.02737289572910707,0.04054013799953737,9.14005697219576e-19,0.0
ALL,-0.01735578500153532,-0.03506398257998333,2.6158610343458444e-19,0.0
GOOGL,0.09626268141583165,0.35795665995602416,0.04194880574460101,0.0
GOOG,-0.06168561871832326,-0.3671337900101143,0.0,0.027199522383183235
MO,0.10239574201942427,0.040485728400853294,0.05805955565399555,0.05213522146254171
AMZN,0.03488186597720965,0.04769351193948089,5.488132810093917e-19,0.0
AMCR,-0.0017980742931133927,-0.018974394153162894,0.0,0.0
AEE,-0.016151929814267475,0.04061554366309729,8.253437297075625e-19,0.0
AEP,-0.08947463453275457,-0.11136345213795962,2.0954102227080418e-19,0.0
AXP,-0.004665471313302183,0.01776132664374924,1.1390709178185655e-21,0.0
AIG,-0.009440680207761218,0.05907485535356432,9.505780976626279e-20,0.0
AMT,0.020487958899883866,-0.03712123801998847,2.360572385040303e-19,0.0
AWK,0.006531103554271381,0.09204271748722485,6.196960156951758e-19,0.0
AMP,-0.11413259834539523,-0.09592118580626512,0.0,0.0
AME,-0.07343920104298823,-0.14634842051088062,0.0,0.0
AMGN,-0.026959317294250877,-0.03014322852563122,2.3682446924117816e-19,0.0
APH,0.028014259885967684,0.0516736602605842,1.8739529917447844e-18,0.0
ADI,0.0318257190591624,0.11497071289747857,0.0,0.0
AON,-0.0059508184429774924,-0.04654239113818604,4.589035002238905e-19,0.0
APA,-0.08140225612533125,-0.1436583183073871,0.0,0.0
APO,0.017091150822527497,0.0773651382848156,0.0,0.0
AAPL,0.04738209868860223,0.12284080995242759,0.0,0.0
AMAT,-0.002317831151509359,-0.003420768623199604,0.0,0.0
APP,-0.011817483785113913,-0.012083010551036494,6.877699969247259e-20,0.0
APTV,0.025519114937023468,0.0466841829522118,0.0,0.0
ACGL,-0.011203259142285827,-0.04487005859350529,4.703834010866652e-19,0.0
ADM,-0.022727926361368944,-0.001732634799384483,3.701160027500252e-20,0.0
ANET,-0.028131842626520756,-0.05224776122908148,0.0059315928299697954,0.0
AJG,0.037235993959599305,0.07909249468219456,5.039925390160337e-19,0.0
AIZ,0.010841216061439085,-0.029254680863444373,0.0,0.0
T,-0.034060004830332474,-0.05629668692424825,0.009305805400787393,0.0
ATO,0.01204846484112202,0.02721057056315651,3.8768504296269386e-19,0.0
ADSK,0.009856732066451343,0.0470948954868556,0.0,0.0
ADP,0.04686141367840948,-0.03530351541458398,0.0,0.0
AZO,0.03329473054222288,-0.003724528356081015,0.0,0.0
AVB,-0.008586872191558818,-0.05119528943395798,1.0060621686027903e-19,0.0
AVY,0.07084797374646239,0.11942417221457877,0.0,0.0
AXON,0.03872137388375771,0.053284983477448256,0.010393013202438784,0.008355338872828461
BKR,0.03457006165192834,0.04570640744763937,0.0,0.0
BALL,0.02593289916262291,0.058416742439929184,8.233886900746672e-20,0.0
BAC,-0.027087660129222618,-0.026552372066136583,0.0,0.0
BAX,0.002259965514250176,-0.017662618414785305,0.0,0.0
BDX,-0.011082907925847403,-0.020220415728393528,1.1751084382615775e-19,0.0
BBY,0.04275065874182033,0.03332472629679762,0.0,0.0
TECH,0.0012939421590641613,0.0018249060181765415,0.0,0.0
BIIB,-0.02413569181254063,-0.005924600784566058,2.831048724014567e-20,0.0
BLK,-0.00799373091184079,-0.026411110628543413,2.0609485851259355e-19,0.0
BX,-0.03419428461518161,-0.04926350065545164,9.608876726543312e-21,0.0
XYZ,-0.020736146328081132,0.0025433076754007647,8.415059330552604e-20,0.0
BK,0.09134983727734379,0.15021711357021014,3.546684698337538e-19,0.0
BA,0.0005520748711767339,0.014726638886373978,0.0,0.0
BKNG,0.040487766622073894,0.10986393613449084,1.874503339929553e-18,0.0
BSX,0.006852365666960654,-0.004520378331404719,7.921047163293356e-19,0.0
BMY,0.013091723752623925,-0.011318654569903136,1.3482934274145322e-19,0.0
AVGO,0.020928342884673344,0.031575308591431414,0.005345512955428229,0.0
BR,-0.028675791290613564,-0.018563026645604542,0.0,0.0
BRO,-0.07435919505271114,-0.11524221570460294,1.4811709561516648e-19,0.0
BLDR,-0.00042271663056570085,-0.01238694198667407,5.3436638404398275e-20,0.0
BG,0.05179677601363312,0.06447473699858669,0.0,0.0
BXP,0.04082744124173115,0.05025560468525178,4.767590300980194e-20,0.0
CHRW,0.027274037676028588,0.024647110542490306,0.004968953495608057,0.0
CDNS,-0.022127863414765036,-0.020929334597982244,3.9643910995944283e-20,0.0
CPT,-0.021193792497606504,0.006339832992673406,1.2833367779730774e-19,0.0
CPB,-0.01425291895558873,-0.008661356278291087,2.738961694741645e-18,0.0
COF,-0.007763482304648497,-0.0474267176988489,0.0,0.0
CAH,-0.05132045305483428,-0.09404068218196163,0.0,0.0
CCL,0.030827407954262417,0.006438371371861216,2.0114736561361463e-20,0.0
CARR,0.04602739940292959,0.006986197977929855,0.0,0.0
CAT,-0.00646738443757622,-0.008682170321043807,0.0,0.0
CBOE,0.053761831557150704,0.0719798979381742,0.06792268132456929,0.004033132396390187
CBRE,0.04960207072095383,0.035320522592807754,9.402752242183624e-20,0.0
CDW,0.003662059975873624,-0.027790372191686633,3.704774790392083e-20,0.0
COR,0.01692330044381133,0.021739628316879853,0.08570759410760755,0.04155405647090119
CNC,0.042718448088065554,0.07097574094016111,1.619873454965956e-19,0.018398898555540947
CNP,-0.023957705975457384,-0.06698597051428089,3.5969338186800905e-19,0.0
CF,0.0065391324200273345,0.026245876956952033,0.0,0.0
CRL,-0.012342901582401491,-0.004827220534376824,8.143252830148975e-20,0.0
SCHW,0.010869791421478384,0.016579330949524962,5.487487752468958e-20,0.0
CHTR,-0.01527189362004795,-0.023329047538463096,1.499152247473795e-19,0.0
CVX,0.10179560670138,0.061447523827430815,0.009412408643146132,0.0
CMG,0.01881795627863331,-0.022822629186661784,1.1288060033012274e-19,0.0
CB,0.01816751842493854,0.05927694478803134,0.0,0.0
CHD,0.025157749595808056,0.02425358944999292,0.0036398856969485113,0.0
CI,-0.013094324896727292,0.013153755473961462,0.0,0.003321915018823583
CINF,-0.022009981182199094,0.023375236616699685,0.0,0.0
CTAS,-0.04006526321724704,-0.007942737329960002,0.0,0.0
CSCO,-0.047530933759228164,-0.04451525603830279,1.1353604542296827e-19,0.0
C,-0.021898257962370774,0.0019442626684666614,0.0,0.0
CFG,0.0043371748319391236,0.07341560869336115,0.0,0.0
CLX,-0.013361900775252417,-0.04175317662551036,0.0,0.0
CME,0.09035512467539886,0.03276115515067638,0.10481996669579237,0.12741457695998035
CMS,0.10237424481519931,0.09296198703680557,1.504055402177027e-18,0.0
KO,0.0818327534415564,0.00414429698614781,0.04035428735741048,0.028839735747670747
CTSH,-0.022470587080921454,-0.02280492205545402,0.0,0.0
COIN,-0.00803159766994406,-0.0025446926386802847,0.0,0.0
CL,0.020402599356018892,0.0890200277564025,1.190015763510475e-18,0.0
CMCSA,0.04073317285330976,0.11372071170888086,0.0,0.0
CAG,-0.007825457504656139,0.015923865816170186,3.115568450297749e-20,0.0
COP,-0.04374721913362664,-0.036261511443924775,0.0,0.007815596053779173
ED,0.011311192460677173,0.05417942830744182,2.0338474111473601e-19,0.0
STZ,0.046477500336679245,0.035822589890112846,7.374845713665069e-20,0.0
CEG,0.007717709095845272,4.426025110879608e-05,2.833914431277433e-19,0.0
COO,0.03365118680775577,0.033368780609739135,9.887954081822362e-21,0.0
CPRT,0.06791476221747728,0.07190278255304255,0.0,0.0
GLW,0.023389569589155473,0.012749771497277993,0.0,0.0
CPAY,-0.022851940077075097,-0.037279412756495156,0.0,0.0
CTVA,-0.008042291059831674,-0.0018415628807533216,0.0,0.0
CSGP,0.034027400198460754,0.06307790370517946,5.4036692360333755e-20,0.0
COST,0.01637932917571679,0.03826862843530533,0.0,0.0
CTRA,0.0038572901722234818,-0.014776298306121892,0.0,0.0
CRWD,0.010201767327855344,0.02803363399374052,2.09971875349636e-19,0.0
CCI,0.03780218151717968,0.06422696634940744,0.0,0.0
CSX,0.017106430714390473,0.026399272650471376,0.0,0.0
CMI,0.07075185552605698,0.0056995645847169795,8.730998312619049e-20,0.0
CVS,0.02660158597720874,0.010850239619141305,2.370371106696296e-19,0.0
DHR,0.01931309836533752,0.04124106603601467,0.0,0.0
DRI,0.006847694992287348,0.01561612120269798,0.010775075082679376,0.0
DDOG,0.010425524972122577,0.00022390363853129025,5.423593018437404e-19,0.0
DVA,0.009559882697442956,0.020008367638103663,3.306016688653507e-19,0.0
DAY,-0.014438178396343152,-0.03142426734495281,1.0147302922597921e-20,0.0
DECK,-0.001184764053636649,0.0013789733144498031,0.005637502334281725,0.012785739549409232
DE,-0.00836031792647975,-0.021032181117926,0.0,0.0
DELL,-0.009049490944779227,-0.008061315684865499,0.0,0.0
DAL,-0.013251398267273477,-0.0369743209095574,8.80703543601173e-21,0.0
DVN,-0.011317409646790899,0.01183967473947751,2.570696971769913e-19,0.0
DXCM,0.0009048616224817856,0.006914140161747232,2.6076167139632248e-20,0.0
FANG,0.10040259637200105,0.16507048730695875,0.0,0.0
DLR,0.035304516076822424,0.036641831908107325,5.41177429630614e-20,0.0
DG,-0.007936927592721613,0.0013108271947654632,0.0,0.0
DLTR,0.0036056659206460387,-0.02158478916048214,1.2573430152401714e-18,0.00851587983200838
D,0.00014604320725344287,-0.0010036890509649973,0.0,0.0
DPZ,-0.021762830864477268,-0.028511291902738874,1.034191503986186e-19,0.0
DASH,-0.007050891011673137,-0.004542513617702146,0.0,0.0
DOV,0.04619677108776818,0.05894646050696362,0.0,0.0
DOW,0.026551237315359303,0.04369028395789092,5.851107823420054e-20,0.0
DHI,0.012739112686475191,-0.04689619719124075,0.000578970300981561,0.012491755990174894
DTE,-0.04079501050872861,-0.09780903339824015,0.0,0.0
DUK,0.1268744251578418,0.1867540999601895,0.0009190861432590655,0.0
DD,-0.03577652042853824,-0.029375339510557263,0.0,0.0
EMN,-0.05634232142312066,-0.05403022482291631,0.0,0.0
ETN,0.030629435400622875,-0.03954524426263363,4.2190658053655804e-20,0.0
EBAY,-0.02774898115034123,-0.055282737416583475,0.0,0.0
ECL,0.03447557538321182,0.012422287766244261,0.0,0.0
EIX,-0.028627672070067174,-0.023364406468769132,0.0,0.0
EW,0.02938063781873882,-0.0027540324118545813,2.6461717396394684e-20,0.0
EA,0.03837498116021733,0.04571490809579053,0.0,0.002195187507403253
ELV,-0.035989343730973816,-0.06641866568949023,4.991369436563711e-19,0.0
EME,0.0004781481366427736,0.01731686679995717,0.01146287786395975,0.0
EMR,0.043963809684201986,0.07353893568059562,0.0,0.0
ETR,-0.06689196872170763,-0.0608455546302474,7.847428778827736e-20,0.0
EOG,0.046216762209438,-0.008470276831863447,0.0,0.0
EPAM,0.01768419643179813,0.022739017315009852,1.1243642486434337e-19,0.0
EQT,-0.023641621249099992,-0.03708140724942218,0.0,0.0
EFX,-0.02746319424682055,-0.009214493515738486,0.0,0.0
EQIX,0.01885673408539432,0.01931693674750803,0.0,0.0
EQR,-0.08201489053898801,-0.08483672797883594,0.0,0.0
ERIE,-0.004752769466786872,-0.005597586953042404,0.0,0.0
ESS,0.0352798920071735,0.010723356460570398,1.4087567820445938e-19,0.0
EL,-0.037300104433271905,-0.03152609665739154,1.6368182131834994e-19,0.0
EG,-0.017708636823370177,0.020612068793143715,0.0,0.005437516547269973
EVRG,0.07438428024721262,0.12010209400036809,5.47648128647337e-19,0.0
ES,-0.061989114148259965,-0.07815478075639877,0.0,0.0
EXC,0.021315444069958164,0.011957589892456873,0.0,0.008751005065032963
EXE,0.0043233456921248975,0.023092940167221528,0.0,0.0
EXPE,-0.018557704697545835,-0.01617439218434805,0.0,0.0
EXPD,0.003999931113959227,0.010686079930637684,0.003242982050316778,0.0
EXR,-0.0016510267012028088,0.076475661647777,0.0,0.0
XOM,-0.00420782408883454,-0.005595915784447714,0.016847800657955065,0.0
FFIV,0.04948851633499206,0.023181555900064755,0.0,0.0
FDS,0.03376055424525381,0.015490119163721236,4.460083286196128e-20,0.0
FICO,0.010366007708447188,-0.0211370367461154,0.0,0.0
FAST,-0.005852143686435712,0.014196804797517091,3.1526014618294325e-19,0.0
FRT,0.038647693043922134,0.013588894186767194,0.0,0.0
FDX,0.014009793409547848,0.01842690434215721,0.005385149691888034,0.0
FIS,-0.010959068300322417,0.037962550732816555,0.0,0.0
FITB,0.009285076793141344,-0.0032455833896867913,5.851096056979683e-21,0.0
FSLR,-0.0007826588034970392,-0.0017978517915129342,1.4963897352155735e-18,0.0
FE,0.03982845036182828,0.035782841802698875,0.0,0.0
FISV,-0.01579322316576832,-0.025824662437312004,0.0,0.0
F,-0.01099832474391483,0.028625279667867997,5.969148989560374e-20,0.0
FTNT,-0.022776636866503268,-0.03140210708936907,7.749067899691708e-20,0.0
FTV,0.021056797074585288,0.05351911254475448,0.0,0.0
FOXA,0.2704296888016134,0.557633473177083,0.0013079337749420563,0.012841988226918497
FOX,-0.25774301158016116,-0.5290306817632927,5.870730615333057e-19,0.0
BEN,-0.01666601044510336,0.003040591256408444,0.0,0.0
FCX,-0.0004805106070513199,0.011348743086571378,0.0,0.0
GRMN,-0.01161259580162945,0.013109607212104173,0.0,0.0
IT,0.05460593392667019,0.09345121542460721,1.3747556678792734e-21,0.0
GE,0.013925389298965404,0.04008126449098038,5.170012318565202e-19,0.0
GEN,0.021633826074524888,0.01976633854476387,0.0,0.0
GNRC,-0.0022305580098971665,0.01754715431137879,0.0,0.0
GD,-0.054075592651360596,-0.0459326789147834,4.948760451994344e-20,0.0
GIS,0.01761442485688738,0.07300639507158124,2.0464623060687238e-19,0.0
GM,-0.0012017256693544296,-0.05411935846560252,9.773243409304685e-20,0.0
GPC,-0.011378643198915473,-0.050130045137908474,2.270324621315836e-19,0.0
GILD,0.013148450074686503,-0.016979216878832297,9.998194349768597e-19,0.0
GPN,-0.0301497895477924,-0.03647552642121244,0.0,0.0
GL,-0.00021127723375104893,-0.0013596742331321134,0.0,0.014888886412590011
GDDY,-0.022245900423295013,-0.025956594863746407,1.173307606157582e-19,0.0
GS,-0.07318439872148894,-0.06789210297494808,0.0,0.0
HAL,-0.0872175525948614,-0.06567251475649015,0.0,0.0
HIG,-0.0180151349701455,-0.1142249537619798,3.819661027682325e-20,0.0
HAS,-0.027078213978914373,0.005518432827474787,0.0,0.0
HCA,0.034152690065046676,0.028272468261357656,0.0,0.0
DOC,0.025908543861914466,0.03823612728048617,0.0,0.0
HSIC,-0.01831204646154631,-0.010385266127079162,0.0,0.0
HSY,0.009240776482380232,0.018910671333207077,0.00545902557335326,0.0
HPE,0.00030871826179708486,0.014496309284116469,7.406458944151071e-20,0.0
HLT,0.07651167092903607,0.036617112162218614,2.3461836612699903e-20,0.0
HOLX,0.038437541797704096,0.014116980042656707,0.01698181507452807,0.01452100031581749
HD,0.05573264704209117,0.09397262751128645,0.0,0.0
HON,-0.05332213596494515,0.015346233246169278,0.0,0.0
HRL,0.009562908696818577,-0.00023215263619783097,0.0,0.0
HST,-0.014287342516505397,-0.01949507156954727,0.0,0.0
HWM,-0.026960789073120127,-0.03938883114462841,3.959677008060624e-19,0.0
HPQ,-0.0010685862988255958,-0.005607640803600353,4.0386701142163156e-20,0.0
HUBB,-0.00814157033180742,0.029254674794289656,0.0,0.0
HUM,-0.006908790624982059,-0.015930261865735994,0.0,0.002679540825357989
HBAN,0.022933464418143205,-0.009949280407180558,0.0,0.0
HII,0.03634659542644567,0.06313787288624018,1.4283495989424918e-20,0.0
IBM,0.010745766321123415,-0.02231658105476482,1.0886267474016975e-18,0.0
IEX,-0.013222976995265116,0.00836522472357763,0.0,0.0
IDXX,-0.0035139189714073907,0.054009102516804644,0.0,0.0
ITW,0.019304347051899613,0.03484339297505208,0.0,0.0
INCY,0.03135673366669467,0.05938831990877334,0.02172755351512551,0.0003401094247058987
IR,0.033553969126096865,-0.009042143397295262,0.0,0.0
PODD,0.016553105659450177,-0.006381919847863789,0.0,0.0
INTC,-0.017981645572250717,-0.009835259294305109,0.0,0.0
IBKR,-0.007679146173291878,-0.013243114186782428,3.2466419951506194e-20,0.0
ICE,-0.05781274904220356,-0.07047149344927149,0.0,0.0
IFF,-0.024101711903335647,-0.040063288156070936,0.0,0.0
IP,-0.0028698676673163787,-0.002465442346576745,0.0,0.0
IPG,-0.023295416786576064,0.007439275873290633,0.0,0.0
INTU,0.013473413328747302,-0.018790916857564524,0.0,0.0
ISRG,-0.038944980745469274,-0.037249368108245785,1.0897377909009504e-19,0.0
IVZ,0.0026995781049531757,-0.004675944967132906,0.0,0.0
INVH,0.0551104815611017,0.06518061171125125,0.0,0.0
IQV,-0.01711965073930888,-0.0011021605607391223,2.0283900725894095e-20,0.0
IRM,-0.03302921002109322,-0.04476518598866522,0.0,0.0
JBHT,0.03336469096018168,0.023889300482974652,0.0,0.0
JBL,0.019427331629001003,0.05845265549051041,0.002550555603984905,0.006974363010627615
JKHY,0.01103820747755421,-0.06157108990848898,0.0,0.0
J,0.04113574757846425,0.011917364754805935,0.0,0.0
JNJ,0.041838065198770695,0.026069188986142827,0.046683035947340155,0.05601066141800706
JCI,-0.006227604408020699,-0.013076947848342776,0.0,0.0
JPM,0.0018352653139119953,-0.006414516819057233,8.051567412527694e-20,0.0
K,0.1251097086289957,0.15076801259583447,0.12671975850029052,0.10399771736301165
KDP,-0.01822398409500517,-0.013948586344967605,2.608011803944025e-19,0.0
KEY,-0.025797578094666405,-0.019924264533629627,0.0,0.0
KEYS,0.026942037929801724,0.029950189060544138,0.0,0.0
KMB,-0.010947460903024403,-0.0338688649628227,4.46087149810306e-19,0.0
KIM,-0.12568326290656395,-0.10008512194054645,0.0,0.0
KMI,0.01993219002461152,0.07997910431786981,2.3293957452651116e-19,0.0
KKR,0.005492384769719537,-0.039560725458379443,1.2109755122514197e-19,0.0
KLAC,-0.01077825440144507,-0.02581288492968418,4.41400982919786e-20,0.0
KHC,-0.0012934025181708308,-0.030575711863319466,0.0,0.0
KR,0.003977890885025384,0.043573535857255284,0.051179490341631766,0.07143138631089001
LHX,-0.045057402379862374,-0.08001548763356614,3.193835918125567e-19,0.0
LH,-0.024771929816529623,-0.05531055459166198,0.0,0.0
LRCX,-0.003323560595483192,-0.003044624631561226,0.0,0.0
LW,0.015961047222091705,0.0037725389817431045,0.0,0.0
LVS,-0.006634022171868986,-0.06891763389976568,0.0,0.0
LDOS,-0.011843677256634011,0.010895433435770761,0.0,0.0
LEN,-0.03187586531684396,0.0016005187792218218,2.192809420389562e-19,0.0
LII,-0.03986323338398268,-0.04719132127274733,0.0,0.0
LLY,-9.020144629108446e-05,0.007840196774209551,0.006293434894829481,0.0
LIN,0.0616820186755004,0.0002916875192249336,1.4331796874120048e-19,0.0
LYV,-0.03069879493571616,-0.0328774329852606,0.0,0.0
LKQ,0.044236148099666826,0.04871956465616455,0.0,0.0
LMT,0.07641505564905156,0.10685453748251515,0.02935141007806733,0.014981313910699498
L,0.03469428691822728,-0.03699849569538149,8.60444644389032e-21,0.0
LOW,-0.03771159971973982,-0.07472063241706993,1.2346508408284275e-19,0.0
LULU,0.019113766914999712,0.035217959410894235,2.1773408039774743e-21,0.0
LYB,0.002319762242292161,-0.015003744350095992,0.0,0.0
MTB,-0.02529501478871182,0.013013611016174126,4.457624738432413e-21,0.0
MPC,-0.0035202200670754915,-0.022742683566930447,0.0,0.005582483951520492
MAR,-0.0588673485230995,-0.011901340862280417,0.0,0.0
MMC,0.003477385076324594,0.05371648087235368,2.2678672570216295e-20,0.0
MLM,-0.04260624871808759,-0.053165225029600374,0.0,0.0
MAS,0.06926211577579709,0.08148842583173535,0.0,0.0
MA,-0.07103642373838147,-0.09794344103918477,0.0,0.0
MTCH,0.0030931465331851785,0.03530215763547586,0.0,0.0
MKC,-0.037318359947322334,-0.07350170767273612,0.0,0.0
MCD,-0.009812863697837272,0.03163543023404184,0.012715556770705903,0.06011004714331401
MCK,0.029212510855274404,0.006360329854959953,0.019536419430381816,0.02075587319337125
MDT,0.022134081872685687,0.03344105762152291,0.0,0.0
MRK,0.04300065454786659,0.031139596062428096,0.009296184993095917,0.009191689862953371
META,-0.01816916065414532,-0.04010250710107048,0.0,0.0
MET,-0.06576909494051845,-0.11933607973088824,0.0,0.0
MTD,0.03389990364485173,0.057504721529951744,1.2903049601226766e-20,0.0
MGM,-0.009907136885997935,0.018363255189711082,6.3402043542436284e-21,0.0
MCHP,0.00886047512513088,-0.015961926731172887,1.4551484243299806e-19,0.0
MU,0.006082763891818011,0.012031339126659976,0.0,0.0
MSFT,0.039042750823910934,0.057939667217035154,0.029961720704540683,0.0
MAA,0.010214605204495164,0.03458055024695797,8.422409492288539e-20,0.0
MRNA,0.02215864712933872,0.02278425520929211,0.0,0.0
MHK,0.0033668422362044597,0.024089090338070995,1.1504609972596398e-19,0.0
MOH,-0.055675264426810346,-0.08098830096920488,0.0,0.0
TAP,-0.04340608781628248,-0.04324835457889659,0.0,0.0
MDLZ,0.029798614439185078,0.006943433351746044,0.0,0.024499019184625267
MPWR,-0.032224099186782186,-0.037611792105757574,0.0,0.0
MNST,-0.04554465791828169,-0.06678339699583802,2.826283160790254e-19,0.0
MCO,-0.02298980299510947,0.012839684954677816,9.195090266746505e-20,0.0
MS,0.0573720207479189,0.08137061255085017,0.0,0.0
MOS,-0.01314549715725323,-0.031718014117876864,0.0,0.0
MSI,-0.057638681661976214,-0.05151450434904787,1.6598431190032226e-19,0.0
MSCI,0.0037010763010447345,-0.0376056441454214,9.187862009533155e-20,0.0
NDAQ,0.007445117369852175,-0.028103407010670434,3.426284175945032e-20,0.0
NTAP,0.03654608907935737,0.025131447541659288,0.012593199343291598,0.0
NFLX,0.018723571017752974,0.02852290121907883,0.0,0.0
NEM,-0.027408299094253418,-0.06000566581132989,0.0,0.0
NWSA,-0.05113728745158778,-0.04416174903847981,0.0,0.0
NWS,0.11276833072693211,0.10211070222750367,0.0,0.0
NEE,-0.019810041827777822,-0.050722629990117785,0.0,0.0
NKE,-0.013134843103220202,-0.015637423672087328,0.0,0.0
NI,-0.01783163273832426,-0.029368509934687308,1.0803694871481037e-19,0.0
NDSN,-0.011375962632626208,-0.042230822209812134,0.0,0.0
NSC,-0.04025485020328023,-0.05686944045745985,5.0022215642257123e-20,0.0
NTRS,-0.011166830400283502,-0.005551364350736097,2.8410046278651295e-20,0.0
NOC,0.05506084132332755,0.06802086955324288,0.011759718471736189,0.0
NCLH,-0.012916302817874998,0.004011568145677584,9.724155146674107e-21,0.0
NRG,-0.0278638562791492,-0.0074298460473265744,0.0,0.0
NUE,-0.02456524835190115,-0.021115573321767705,0.0,0.0
NVDA,0.010824644193674729,0.01552390042154876,0.004408083350052112,0.03950517418580928
NVR,-0.005353721364801518,0.0706565380222955,0.0,0.03584442879420173
NXPI,-0.003909748836323483,-0.012843058799793035,1.7073064219636706e-19,0.0
ORLY,-0.037997831173568655,0.006830774957881043,0.011806424394835499,0.0
OXY,0.01663373982810991,0.05404731543774797,6.593634948595062e-20,0.0
ODFL,0.007439873773607109,-0.012530123817355602,4.890025634427349e-20,0.0
OMC,0.021390920534190228,-0.04340806745425934,0.0,0.0
ON,-0.00869796373475726,-0.029679691163343118,4.540823120650491e-20,0.0
OKE,-0.08684605556855435,-0.15244044980735919,4.1575512271911216e-20,0.0
ORCL,0.011514347866507282,0.02635018233965034,4.1073545289230386e-19,0.0
OTIS,-0.029316854493304664,-0.017383889568425466,0.0,0.0
PCAR,0.007188178183178328,-0.03249948985127887,0.0,0.0
PKG,0.03642424416346863,0.07545173038614893,0.0,0.0
PLTR,-0.02173753354284607,-0.022398229614126238,1.9236915396847467e-20,0.0
PANW,0.008809778340766738,0.003640474737531994,2.881504991400174e-19,0.0
PSKY,0.007447265017402274,-0.022201151416161014,1.1701194314124074e-20,0.0
PH,-0.035214407502619956,-0.014203821744095636,2.915407272294221e-20,0.0
PAYX,-0.062874415811813,-0.027413493908807603,0.0,0.0
PAYC,0.02873536738446271,0.06620790491218025,0.0,0.0
PYPL,0.0009088179471142108,-0.018012964816137882,1.0196657658341268e-19,0.0
PNR,0.07689265346684859,0.10339526133111146,3.535120912213092e-21,0.0
PEP,0.04429262047751775,0.11291590271200329,7.242825772812278e-19,0.008312162032960205
PFE,-0.06399164085383688,-0.07202443903703316,1.983487622557375e-19,0.0
PCG,0.01797137585929742,-0.023413921471476997,0.0,0.0
PM,-0.03168516490544976,-0.032018024669848384,0.0,0.0
PSX,0.007671380875370569,0.028607196585945575,0.0,0.0
PNW,0.027439389100639266,0.043922263048176334,0.0,0.0
PNC,0.061522988121715666,0.02670336829986387,0.0,0.0
POOL,0.011828856515329481,-0.03801531230173771,0.0,0.0
PPG,-0.028818810563242477,0.01256526111437545,0.0,0.0
PPL,0.030293145060263205,-0.0008544760249624303,1.609163464890429e-19,0.0
PFG,0.04980011298006505,0.07689457209817456,0.0,0.0
PG,-0.05227107088764676,-0.04798968954174792,0.0,0.025407246804662973
PGR,0.020829206172228134,0.016659878585532938,4.441462509752552e-19,0.0
PLD,-0.042863839609373074,-0.02382740754833547,0.0,0.0
PRU,-0.029359562221445635,-0.07118555810800584,2.1464812489223494e-20,0.0
PEG,0.006973885491158258,-0.0070784684201509645,4.367257437876893e-19,0.0
PTC,0.02212298346622599,0.012948939399626203,0.0,0.0
PSA,-0.0015094625520899083,-0.10166077128071885,6.146081402386968e-20,0.0
PHM,0.01366740334605409,-0.006163207979742855,0.0,0.0
PWR,-0.016283750820679455,0.005724918930415007,1.4231628471587628e-20,0.0
QCOM,0.0003925783032453316,-0.01487733857265539,0.0,0.0
DGX,0.03958289456615611,0.0962444430912814,0.0,0.0
RL,0.030417507323553857,0.023510287549279366,3.547672589233573e-20,0.0
RJF,0.038373025247220596,0.030003524313654606,5.071489210126878e-21,0.0
RTX,0.030166002813555578,0.05262488652489005,0.0,0.0
O,0.03964861280823547,-0.03665035773899729,1.3634294813058487e-19,0.0
REG,0.030811835746374465,-0.01470319264109577,0.0,0.0
REGN,-0.0054984930626582555,-0.016384786961066967,0.00031420711637256295,0.0
RF,0.0800961948605106,0.10100415311523767,0.0,0.0
RSG,0.09827324461100252,-0.002835275051150143,0.0,0.0
RMD,-0.0031181431954999976,9.080641345248737e-05,1.9108012904142295e-20,0.0
RVTY,0.01724660541550415,0.0408983405247373,5.2793005760317436e-20,0.0
HOOD,0.01632178678371815,0.0019964408991106617,0.0,0.0
ROK,-0.0023720048701396873,-0.015350065316186838,0.0,0.0
ROL,0.0025593141411069205,-0.0017077054365124058,3.4044785269137887e-19,0.0
ROP,-0.004937050762986165,0.02150937383909421,0.0,0.0
ROST,-0.039757881347330125,-0.002996844178480923,0.0,0.0
RCL,-0.024980987269933072,-0.05135939964047402,0.0,0.0
SPGI,-0.015082390713656108,0.011401379071256617,5.057945671815611e-20,0.0
CRM,-0.03321561394597502,-0.0391319911210408,0.0,0.0
SBAC,-0.032525127786899234,-0.04111834234524656,2.1664393763089296e-20,0.0
SLB,0.02224698153583001,-0.000968063788717248,2.1648625028270545e-20,0.0
STX,6.920988622194315e-06,0.007708848218845986,0.0024329074542692158,0.007567510145968422
SRE,-0.03995038546372972,0.01628455174055552,0.0,0.0
NOW,0.03885867819564343,-0.0047034645845021456,9.748744266602061e-20,0.0
SHW,-0.07206993730861011,-0.04466908634702283,0.0,0.0
SPG,-0.01828252136135117,-0.04191803248374542,1.1969067969436836e-20,0.0
SWKS,-0.023754275656008322,-0.006302939059956124,1.0453883493392631e-19,0.0
SJM,-0.009270877616157053,-0.03429038807203335,4.0563993596120546e-19,0.0
SW,0.03469042696304532,0.033191660956987036,0.020149561583648737,0.019047247730291306
SNA,0.006187772388097479,-0.020712602822408253,0.0,0.0
SO,-0.07854728257330262,-0.11809957451106581,0.0,0.0
LUV,-0.009883248838095812,0.002483335203624204,4.9656480977430295e-20,0.0
SWK,-0.007913510292937324,0.010823812976922132,1.540508732250659e-20,0.0
SBUX,0.028255963282021835,0.012988751286941956,7.836501614240834e-20,0.0
STT,0.006986357320008243,0.04135435524078411,0.0,0.0
STLD,0.009167653096930304,-0.007230735883708685,0.0,0.0
STE,-0.014983664672571341,-0.024678724042224612,0.0,0.0
SYK,-0.02527652987401304,0.026133680016164864,0.0,0.0
SMCI,0.007195155261344058,0.012082995917765479,0.007797244612962357,0.006754754293390066
SYF,0.03221387026016624,0.01851571940555648,0.0,0.0
SNPS,0.01602885282183601,-0.007511870071960526,0.0,0.0
SYY,-0.0003510203035156153,-0.004728270247347202,8.944229893854017e-20,0.0
TMUS,0.014337691097956178,0.030405383634265877,2.1319650667241684e-18,0.0
TROW,-0.046700987712838246,-0.11806746508607896,0.0,0.0
TTWO,-0.0018399758756079856,-0.04611925749745926,0.008073052432409855,0.0
TPR,-0.010912745992613385,-0.009514939853785445,5.329605896284775e-21,0.005456580914552956
TRGP,0.035640935905650976,0.023103419679655145,0.0,0.0
TGT,-0.008265412893179514,-0.009847567010178648,0.0,0.0
TEL,0.021776485177577156,-4.968918176192362e-05,1.2104476783512421e-19,0.0
TDY,0.043404598514969604,0.05682982264978943,1.1516058493202702e-19,0.0
TER,-0.012980688363542596,-0.054118916095222694,0.0,0.0
TSLA,-0.0016426573564566355,-0.007339855187341768,0.0,0.0
TXN,0.03229986672405803,0.010073617701901736,0.0,0.0
TPL,0.0006080140390186514,0.0020090320102546344,1.2144464341701236e-20,0.0
TXT,0.004612708559302184,-0.04836181817884403,0.0,0.0
TMO,0.005570242115924012,-0.0383695763333745,8.26353812414505e-21,0.0
TJX,0.0012094767118904302,-0.01531313744812715,0.0051032950010576564,0.0
TKO,0.02878038797804604,0.025247797128627646,0.0022418483931270126,0.0
TTD,-0.004290363337343586,0.017838145960752925,1.303987387380082e-20,0.0
TSCO,-0.050582166627578744,-0.11548040840968891,0.0,0.0
TT,-0.06280438971069364,-0.018665917112168,9.942713232390562e-20,0.0
TDG,-0.025108897738582783,-0.04233764465699739,3.0810741659844685e-19,0.0
TRV,-0.02085914596622694,-0.06392653577776142,1.4973872487902428e-19,0.0
TRMB,-0.054418472206758384,-0.06669084149960176,1.063896555925934e-21,0.0
TFC,-0.01566261864108387,-0.03677352210380421,7.084110406310461e-21,0.0
TYL,-0.06198161582527435,-0.06328771617192226,0.0,0.0
TSN,0.003000629514259437,0.023058834296108274,0.0,0.0
USB,-0.05962096852081262,-0.07723503433741338,0.0,0.0
UBER,0.024989104987918037,0.023269978742517124,0.0,0.0
UDR,-0.024895052684103698,-0.00024283155942840244,1.8042979156977905e-20,0.0
ULTA,0.0024655972104188724,0.005159507245227137,0.00740342439691949,0.013967936764923868
UNP,0.06581203471594282,0.08350509179437443,5.528940354416893e-20,0.0
UAL,0.01886390623921918,0.0177508794974087,0.0,0.0
UPS,0.007940165262282558,-0.0010090221163580639,0.0,0.0
URI,-0.06260074911241537,-0.011989336411156635,2.9398946821427663e-20,0.0
UNH,0.03289495195155983,0.06927576518001133,0.012025233807176683,0.025382237129230375
UHS,-0.01511873992651747,-0.01465198572660297,0.0,0.0
VLO,-0.006203589798300526,-0.012246480590974228,9.107212361890413e-20,0.004581444875016123
VTR,-0.01636108014679137,-0.012755375832343076,3.79041834277245e-19,0.0
VRSN,0.010097920176742567,0.006167730644995581,0.0,0.0
VRSK,-0.005374532883288041,-0.052929788143239155,1.9778248653868265e-19,0.0
VZ,0.022611895743704348,0.010035553333416634,0.009520907342055782,0.0
VRTX,-0.0029843021860656454,-0.003930149876291476,0.0,0.0
VTRS,-0.013784877518455925,0.0006766722553207976,0.0,0.0
VICI,-0.01748732203793378,0.017339332099994175,0.0,0.0
V,0.10830968198826058,0.16803931779996356,2.3834561190892293e-19,0.0
VST,0.015143555471547785,0.024343781528068265,0.0013651895378414848,0.016767806851406813
VMC,0.061012946627518494,0.02377882574043873,0.0,0.0
WRB,-0.004442587113604821,-0.018742284639027627,5.608098439147971e-19,0.0
GWW,-0.015374257729013605,0.01516385865530982,5.302574785090945e-20,0.0
WAB,0.012188469058218075,0.03179825578087203,0.0,0.0
WMT,-0.0035021129971933777,0.003360677048173341,0.0005823003258019075,0.0033543105102379054
DIS,0.01424880808840875,0.05382250756989189,0.0,0.0
WBD,-0.024824164664367588,-0.027898343110977736,0.0,0.0
WM,-0.07199366865728785,-0.00815176791125535,0.0,0.0
WAT,-0.021823783469818912,-0.05505581907932283,0.0,0.0
WEC,0.004667330942233032,-0.06381167204221992,5.2810292025158663e-20,0.0
WFC,0.030758880139451873,-0.012515564308155976,0.0,0.0
WELL,0.043437226245238166,0.08046455652643196,2.317904599057884e-19,0.0
WST,-0.004100587912337845,-0.0032408457818160746,0.0,0.0
WDC,0.0037939826210006784,0.004069659030001071,7.560958108152489e-20,0.0
WY,0.012380575441550882,0.049672138608576465,1.4869208417275655e-20,0.0
WSM,-0.005043335041567137,-0.003316473398661657,3.2294624167439685e-21,0.0
WMB,0.032588672571113586,0.08391511995006415,2.289478253599591e-19,0.0
WTW,0.04346936223662346,0.11940412803095722,0.0,0.0
WDAY,-0.01826152811816117,-0.012417464714179122,0.0,0.0
WYNN,0.014847900429262727,0.0313894499827341,0.0,0.0
XEL,-0.02403692694767229,-0.03387169196308032,2.1735912101973703e-19,0.0
XYL,-0.04699474734186941,-0.058178858667593904,2.7077339743849887e-20,0.0
YUM,0.001488003509193266,0.03909816185263422,2.2536682178393807e-18,0.0
ZBRA,-2.6047245970875463e-05,-0.036990440447072,8.792736737943692e-20,0.0
ZBH,0.010812086773987987,-0.0015380913552430107,3.7122626325806465e-19,0.0
ZTS,-0.0387466232807626,-0.042074002655333266,0.0,0.0
